GUI1_4,Sel,Psel
NSGAII,168,0.6153846153846154
IBEA,33,0.12087912087912088
SPEA2,72,0.26373626373626374
