GUI2_4,Sel,Psel
NSGAII,122,0.4468864468864469
IBEA,47,0.17216117216117216
SPEA2,104,0.38095238095238093
