GUI3_4,Sel,Psel
NSGAII,144,0.5274725274725275
IBEA,0,0.0
SPEA2,129,0.4725274725274725
