GUI4_4,Sel,Psel
NSGAII,128,0.46886446886446886
IBEA,44,0.16117216117216118
SPEA2,101,0.36996336996337
