GUI5_4,Sel,Psel
NSGAII,178,0.652014652014652
IBEA,63,0.23076923076923078
SPEA2,32,0.11721611721611722
